target_time,Direction,Lead_hours,Source_time,Speed,Total,dir_deg,dir_rad,u,v
2021-12-11 15:00:00+00:00,SSE,1,1639227600,11.176,27.621047777777775,157.5,2.748893571891069,-10.325277655346142,4.276870040112245
2021-12-11 18:00:00+00:00,SSW,1,1639238400,8.04672,21.135542144444443,202.5,3.5342917352885173,-7.434199911849222,-3.0793464288808146
2021-12-11 21:00:00+00:00,WSW,1,1639249200,11.176,20.616208677777777,247.5,4.319689898685966,-4.27687004011224,-10.325277655346142
2021-12-12 15:00:00+00:00,SSW,1,1639314000,4.91744,9.428369872222222,202.5,3.5342917352885173,-4.543122168352302,-1.8818228176493865
2021-12-12 18:00:00+00:00,S,1,1639324800,4.91744,22.026014244444447,180.0,3.141592653589793,-4.91744,6.022127155999161e-16
2021-12-12 21:00:00+00:00,SE,1,1639335600,13.85824,32.051469805555556,135.0,2.356194490192345,-9.79925547931066,9.799255479310661
2021-12-13 15:00:00+00:00,WSW,1,1639400400,12.07008,25.860964405555553,247.5,4.319689898685966,-4.61901964332122,-11.151299867773833
2021-12-13 18:00:00+00:00,WSW,1,1639411200,13.85824,26.95525915,247.5,4.319689898685966,-5.303318849739178,-12.803344292629216
2021-12-13 21:00:00+00:00,SW,1,1639422000,13.85824,26.554086533333333,225.0,3.9269908169872414,-9.799255479310663,-9.79925547931066
2021-12-14 15:00:00+00:00,SW,1,1639486800,15.19936,29.445164449999996,225.0,3.9269908169872414,-10.747570525695565,-10.747570525695563
2021-12-14 18:00:00+00:00,SW,1,1639497600,15.19936,28.98140338888889,225.0,3.9269908169872414,-10.747570525695565,-10.747570525695563
2021-12-14 21:00:00+00:00,W,1,1639508400,8.04672,28.395486405555555,270.0,4.71238898038469,-1.4781584837452485e-15,-8.04672
2021-12-15 15:00:00+00:00,W,1,1639573200,12.96416,29.691614255555557,270.0,4.71238898038469,-2.3814775571451225e-15,-12.96416
2021-12-15 18:00:00+00:00,W,1,1639584000,13.85824,27.590753355555556,270.0,4.71238898038469,-2.5457173886723723e-15,-13.85824
2021-12-15 21:00:00+00:00,W,1,1639594800,12.07008,26.47921451111111,270.0,4.71238898038469,-2.2172377256178727e-15,-12.07008
2021-12-16 15:00:00+00:00,WSW,1,1639659600,11.176,23.20090887222222,247.5,4.319689898685966,-4.27687004011224,-10.325277655346142
2021-12-16 18:00:00+00:00,WSW,1,1639670400,9.83488,23.24409798888889,247.5,4.319689898685966,-3.7636456352987713,-9.086244336704604
2021-12-16 21:00:00+00:00,SW,1,1639681200,8.04672,16.308341966666667,225.0,3.9269908169872414,-5.689890278309417,-5.689890278309416
2021-12-17 15:00:00+00:00,WSW,1,1639746000,7.15264,4.215330833333334,247.5,4.319689898685966,-2.7371968256718335,-6.608177699421531
2021-12-17 18:00:00+00:00,WSW,1,1639756800,5.81152,2.109642238888889,247.5,4.319689898685966,-2.223972420858365,-5.369144380779994
2021-12-17 21:00:00+00:00,SSW,1,1639767600,4.02336,1.4529812166666665,202.5,3.5342917352885173,-3.717099955924611,-1.5396732144404073
2021-12-18 15:00:00+00:00,WNW,1,1639832400,8.9408,11.255777833333333,292.5,5.105088062083414,3.4214960320897965,-8.260222124276911
2021-12-18 18:00:00+00:00,NW,1,1639843200,5.81152,6.191700000000001,315.0,5.497787143782138,4.109365201001244,-4.109365201001245
2021-12-18 21:00:00+00:00,NW,1,1639854000,4.91744,5.255377794444444,315.0,5.497787143782138,3.4771551700779755,-3.4771551700779773
2021-12-19 15:00:00+00:00,NE,1,1639918800,5.81152,3.08325,45.0,0.7853981633974483,4.1093652010012445,4.1093652010012445
2021-12-19 18:00:00+00:00,ENE,1,1639929600,3.12928,2.1247388833333334,67.5,1.1780972450961724,1.1975236112314283,2.8910777434969193
2021-12-19 21:00:00+00:00,E,1,1639940400,4.02336,1.5213111111111113,90.0,1.5707963267948966,2.4635974729087477e-16,4.02336
2021-12-20 15:00:00+00:00,W,1,1640005200,0.89408,1.3026166666666668,270.0,4.71238898038469,-1.6423983152724981e-16,-0.89408
2021-12-20 18:00:00+00:00,SE,1,1640016000,0.89408,1.2147166666666667,135.0,2.356194490192345,-0.6322100309232683,0.6322100309232684
2021-12-20 21:00:00+00:00,SSW,1,1640026800,0.89408,1.0963483146067416,202.5,3.5342917352885173,-0.8260222124276914,-0.34214960320897936
2021-12-21 15:00:00+00:00,W,1,1640091600,5.81152,3.5888,270.0,4.71238898038469,-1.0675589049271238e-15,-5.81152
2021-12-21 18:00:00+00:00,WNW,1,1640102400,4.91744,1.9424333333333332,292.5,5.105088062083414,1.8818228176493883,-4.543122168352301
2021-12-21 21:00:00+00:00,W,1,1640113200,4.02336,1.4842055555555556,270.0,4.71238898038469,-7.390792418726243e-16,-4.02336
2021-12-22 15:00:00+00:00,SE,1,1640178000,4.91744,4.711355538888889,135.0,2.356194490192345,-3.477155170077976,3.4771551700779764
2021-12-22 18:00:00+00:00,ESE,1,1640188800,4.02336,3.0075888833333333,112.5,1.9634954084936207,-1.5396732144404075,3.7170999559246107
2021-12-22 21:00:00+00:00,E,1,1640199600,5.81152,9.516116711111112,90.0,1.5707963267948966,3.558529683090413e-16,5.81152
2021-12-23 15:00:00+00:00,ENE,1,1640264400,9.83488,23.701777911111108,67.5,1.1780972450961724,3.763645635298775,9.086244336704604
2021-12-23 18:00:00+00:00,ENE,1,1640275200,11.176,21.650283483333332,67.5,1.1780972450961724,4.276870040112244,10.325277655346142
2021-12-23 21:00:00+00:00,NE,1,1640286000,8.9408,11.408294516666665,45.0,0.7853981633974483,6.322100309232684,6.322100309232683
2021-12-24 15:00:00+00:00,E,1,1640350800,8.04672,27.22769006896552,90.0,1.5707963267948966,4.927194945817495e-16,8.04672
2021-12-24 18:00:00+00:00,ESE,1,1640361600,8.04672,20.088746866666668,112.5,1.9634954084936207,-3.079346428880815,7.4341999118492215
2021-12-24 21:00:00+00:00,E,1,1640372400,8.04672,15.203472144,90.0,1.5707963267948966,4.927194945817495e-16,8.04672
2021-12-26 15:00:00+00:00,SE,1,1640523600,12.96416,32.82607351851852,135.0,2.356194490192345,-9.167045448387391,9.167045448387393
2021-12-26 18:00:00+00:00,SSE,1,1640534400,15.19936,33.262449825,157.5,2.748893571891069,-14.042377611270751,5.816543254552653
2021-12-26 21:00:00+00:00,SSE,1,1640545200,12.96416,33.2352988556701,157.5,2.748893571891069,-11.977322080201523,4.961169246530203
2021-12-27 15:00:00+00:00,S,1,1640610000,4.02336,4.639673913043478,180.0,3.141592653589793,-4.02336,4.927194945817495e-16
2021-12-27 18:00:00+00:00,S,1,1640620800,4.02336,2.747360655737705,180.0,3.141592653589793,-4.02336,4.927194945817495e-16
2021-12-27 21:00:00+00:00,S,1,1640631600,4.91744,1.8439113924050634,180.0,3.141592653589793,-4.91744,6.022127155999161e-16
2021-12-28 15:00:00+00:00,SW,1,1640696400,4.91744,2.5249545454545452,225.0,3.9269908169872414,-3.4771551700779773,-3.477155170077976
2021-12-28 18:00:00+00:00,WSW,1,1640707200,4.91744,4.272289421052632,247.5,4.319689898685966,-1.8818228176493856,-4.543122168352302
2021-12-28 21:00:00+00:00,SW,1,1640718000,5.81152,7.2809860833333335,225.0,3.9269908169872414,-4.109365201001245,-4.1093652010012445
2021-12-29 15:00:00+00:00,SE,1,1640782800,12.07008,29.511595443820227,135.0,2.356194490192345,-8.534835417464123,8.534835417464125
2021-12-29 18:00:00+00:00,SE,1,1640793600,9.83488,19.977033272222222,135.0,2.356194490192345,-6.954310340155952,6.954310340155953
2021-12-29 21:00:00+00:00,WSW,1,1640804400,9.83488,31.231427216666663,247.5,4.319689898685966,-3.7636456352987713,-9.086244336704604
2021-12-30 15:00:00+00:00,WSW,1,1640869200,9.83488,30.791243009345795,247.5,4.319689898685966,-3.7636456352987713,-9.086244336704604
2021-12-30 18:00:00+00:00,W,1,1640880000,11.176,26.83668867222222,270.0,4.71238898038469,-2.052997894090623e-15,-11.176
2021-12-30 21:00:00+00:00,SW,1,1640890800,8.9408,25.09604991111111,225.0,3.9269908169872414,-6.3221003092326855,-6.322100309232683
2021-12-31 15:00:00+00:00,NNE,1,1640955600,8.04672,2.334911111111111,22.5,0.39269908169872414,7.4341999118492215,3.0793464288808154
2021-12-31 18:00:00+00:00,ENE,1,1640966400,7.15264,10.683266705555555,67.5,1.1780972450961724,2.737196825671836,6.60817769942153
2021-12-31 21:00:00+00:00,ESE,1,1640977200,7.15264,13.73411685,112.5,1.9634954084936207,-2.7371968256718353,6.60817769942153
2022-01-01 15:00:00+00:00,SSW,1,1641042000,11.176,29.067085557142857,202.5,3.5342917352885173,-10.325277655346142,-4.276870040112242
2022-01-01 18:00:00+00:00,SSW,1,1641052800,12.96416,27.558493057971017,202.5,3.5342917352885173,-11.977322080201525,-4.961169246530201
2022-01-01 21:00:00+00:00,SW,1,1641063600,11.176,28.460044731343284,225.0,3.9269908169872414,-7.902625386540857,-7.902625386540855
2022-01-02 15:00:00+00:00,S,1,1641128400,8.9408,25.227799942857146,180.0,3.141592653589793,-8.9408,1.0949322101816654e-15
2022-01-02 18:00:00+00:00,SSW,1,1641139200,8.04672,22.609114314285712,202.5,3.5342917352885173,-7.434199911849222,-3.0793464288808146
2022-01-02 21:00:00+00:00,SSW,1,1641150000,8.9408,19.890817954545454,202.5,3.5342917352885173,-8.260222124276913,-3.4214960320897934
2022-01-03 15:00:00+00:00,W,1,1641214800,13.85824,31.11493912222222,270.0,4.71238898038469,-2.5457173886723723e-15,-13.85824
2022-01-03 18:00:00+00:00,WNW,1,1641225600,19.22272,30.274633405555555,292.5,5.105088062083414,7.356216468993063,-17.759477567195358
2022-01-03 21:00:00+00:00,WNW,1,1641236400,20.1168,31.936794527777778,292.5,5.105088062083414,7.6983660722020435,-18.585499779623053
2022-01-04 15:00:00+00:00,NNW,1,1641301200,20.1168,28.75183897222222,337.5,5.8904862254808625,18.585499779623056,-7.698366072202034
2022-01-04 18:00:00+00:00,NNW,1,1641312000,17.8816,23.576289461111113,337.5,5.8904862254808625,16.520444248553826,-6.842992064179585
2022-01-04 21:00:00+00:00,NNW,1,1641322800,22.79904,27.58644461111111,337.5,5.8904862254808625,21.06356641690613,-8.724814881828973
2022-01-05 15:00:00+00:00,NNW,1,1641387600,11.176,13.086061227777776,337.5,5.8904862254808625,10.325277655346142,-4.276870040112241
2022-01-05 18:00:00+00:00,NNW,1,1641398400,7.15264,4.143566666666667,337.5,5.8904862254808625,6.608177699421531,-2.737196825671834
2022-01-05 21:00:00+00:00,NNW,1,1641409200,4.02336,1.3773444444444445,337.5,5.8904862254808625,3.717099955924611,-1.5396732144404068
2022-01-06 15:00:00+00:00,SSE,1,1641474000,16.09344,33.14296723333334,157.5,2.748893571891069,-14.868399823698443,6.158692857761633
2022-01-06 18:00:00+00:00,S,1,1641484800,13.85824,28.648916838888887,180.0,3.141592653589793,-13.85824,1.6971449257815816e-15
2022-01-06 21:00:00+00:00,NW,1,1641495600,5.81152,23.582872400000003,315.0,5.497787143782138,4.109365201001244,-4.109365201001245
2022-01-07 15:00:00+00:00,WNW,1,1641560400,8.04672,19.528255633333334,292.5,5.105088062083414,3.079346428880817,-7.434199911849221
2022-01-07 18:00:00+00:00,WNW,1,1641571200,5.81152,14.76533331111111,292.5,5.105088062083414,2.223972420858368,-5.369144380779992
2022-01-07 21:00:00+00:00,NW,1,1641582000,4.02336,9.904961266666666,315.0,5.497787143782138,2.8449451391547074,-2.8449451391547087
2022-01-08 15:00:00+00:00,WSW,1,1641646800,7.15264,10.605033455555555,247.5,4.319689898685966,-2.7371968256718335,-6.608177699421531
2022-01-08 18:00:00+00:00,WSW,1,1641657600,8.9408,8.941711133333333,247.5,4.319689898685966,-3.421496032089792,-8.260222124276913
2022-01-08 21:00:00+00:00,W,1,1641668400,7.15264,10.164255511111111,270.0,4.71238898038469,-1.3139186522179985e-15,-7.15264
2022-01-09 15:00:00+00:00,SW,1,1641733200,4.02336,1.9295776397515527,225.0,3.9269908169872414,-2.8449451391547087,-2.844945139154708
2022-01-09 18:00:00+00:00,SSE,1,1641744000,4.02336,4.993677766666666,157.5,2.748893571891069,-3.7170999559246107,1.5396732144404082
2022-01-09 21:00:00+00:00,SSE,1,1641754800,5.81152,11.301772338888888,157.5,2.748893571891069,-5.369144380779993,2.223972420858367
2022-01-10 15:00:00+00:00,S,1,1641819600,15.19936,30.577067055555556,180.0,3.141592653589793,-15.19936,1.8613847573088316e-15
2022-01-10 18:00:00+00:00,SW,1,1641830400,12.96416,29.677666794444445,225.0,3.9269908169872414,-9.167045448387395,-9.167045448387391
2022-01-10 21:00:00+00:00,WSW,1,1641841200,12.96416,31.076811327777776,247.5,4.319689898685966,-4.961169246530199,-11.977322080201525
2022-01-11 15:00:00+00:00,SW,1,1641906000,13.85824,29.988333183333335,225.0,3.9269908169872414,-9.799255479310663,-9.79925547931066
2022-01-11 18:00:00+00:00,WSW,1,1641916800,12.96416,30.0851501,247.5,4.319689898685966,-4.961169246530199,-11.977322080201525
2022-01-11 21:00:00+00:00,SW,1,1641927600,13.85824,30.683605077777777,225.0,3.9269908169872414,-9.799255479310663,-9.79925547931066
2022-01-12 15:00:00+00:00,WSW,1,1641992400,17.8816,30.602816194444443,247.5,4.319689898685966,-6.842992064179584,-16.520444248553826
2022-01-12 18:00:00+00:00,WSW,1,1642003200,16.98752,31.415110594444442,247.5,4.319689898685966,-6.500842460970605,-15.694422036126136
2022-01-12 21:00:00+00:00,WSW,1,1642014000,16.98752,28.43220577777778,247.5,4.319689898685966,-6.500842460970605,-15.694422036126136
2022-01-13 15:00:00+00:00,WSW,1,1642078800,16.09344,31.97704406111111,247.5,4.319689898685966,-6.1586928577616264,-14.868399823698445
2022-01-13 18:00:00+00:00,WSW,1,1642089600,16.98752,32.07033830555555,247.5,4.319689898685966,-6.500842460970605,-15.694422036126136
2022-01-13 21:00:00+00:00,WNW,1,1642100400,12.96416,29.26852766111111,292.5,5.105088062083414,4.961169246530205,-11.977322080201521
2022-01-14 15:00:00+00:00,S,1,1642165200,4.02336,8.621883466666667,180.0,3.141592653589793,-4.02336,4.927194945817495e-16
2022-01-14 18:00:00+00:00,SSE,1,1642176000,5.81152,11.512411244444444,157.5,2.748893571891069,-5.369144380779993,2.223972420858367
2022-01-14 21:00:00+00:00,S,1,1642186800,8.04672,5.208944494444444,180.0,3.141592653589793,-8.04672,9.85438989163499e-16
2022-01-15 15:00:00+00:00,SW,1,1642251600,9.83488,14.669545545454545,225.0,3.9269908169872414,-6.9543103401559545,-6.954310340155952
2022-01-15 18:00:00+00:00,SW,1,1642262400,9.83488,17.178209325581395,225.0,3.9269908169872414,-6.9543103401559545,-6.954310340155952
2022-01-15 21:00:00+00:00,SSW,1,1642273200,9.83488,26.60078876111111,202.5,3.5342917352885173,-9.086244336704604,-3.763645635298773
2022-01-16 15:00:00+00:00,W,1,1642338000,17.8816,32.11315496111111,270.0,4.71238898038469,-3.2847966305449963e-15,-17.8816
2022-01-16 18:00:00+00:00,WNW,1,1642348800,16.98752,32.09535521111111,292.5,5.105088062083414,6.500842460970614,-15.694422036126133
2022-01-16 21:00:00+00:00,WNW,1,1642359600,16.98752,30.37521693888889,292.5,5.105088062083414,6.500842460970614,-15.694422036126133
2022-01-17 15:00:00+00:00,W,1,1642424400,12.96416,30.22723883333333,270.0,4.71238898038469,-2.3814775571451225e-15,-12.96416
2022-01-17 18:00:00+00:00,W,1,1642435200,12.07008,27.030222227777777,270.0,4.71238898038469,-2.2172377256178727e-15,-12.07008
2022-01-17 21:00:00+00:00,WSW,1,1642446000,12.07008,18.852922483333334,247.5,4.319689898685966,-4.61901964332122,-11.151299867773833
2022-01-18 15:00:00+00:00,SSW,1,1642510800,9.83488,23.719272205555555,202.5,3.5342917352885173,-9.086244336704604,-3.763645635298773
2022-01-18 18:00:00+00:00,SW,1,1642521600,12.07008,29.73058882777778,225.0,3.9269908169872414,-8.534835417464127,-8.534835417464123
2022-01-18 21:00:00+00:00,SW,1,1642532400,12.07008,26.882649705555554,225.0,3.9269908169872414,-8.534835417464127,-8.534835417464123
2022-01-19 15:00:00+00:00,N,1,1642597200,16.98752,28.96698285,0.0,0.0,16.98752,0.0
2022-01-19 18:00:00+00:00,NNW,1,1642608000,15.19936,32.35038294444445,337.5,5.8904862254808625,14.042377611270753,-5.816543254552648
2022-01-19 21:00:00+00:00,NNW,1,1642618800,16.09344,32.23203244444444,337.5,5.8904862254808625,14.868399823698445,-6.158692857761627
2022-01-20 15:00:00+00:00,NW,1,1642683600,8.9408,18.815366838888888,315.0,5.497787143782138,6.322100309232682,-6.3221003092326855
2022-01-20 18:00:00+00:00,WNW,1,1642694400,8.9408,20.65112777222222,292.5,5.105088062083414,3.4214960320897965,-8.260222124276911
2022-01-20 21:00:00+00:00,W,1,1642705200,8.9408,27.874544244444447,270.0,4.71238898038469,-1.6423983152724981e-15,-8.9408
2022-01-21 15:00:00+00:00,W,1,1642770000,12.96416,31.424933194444446,270.0,4.71238898038469,-2.3814775571451225e-15,-12.96416
2022-01-21 18:00:00+00:00,W,1,1642780800,12.96416,30.71424496666667,270.0,4.71238898038469,-2.3814775571451225e-15,-12.96416
2022-01-21 21:00:00+00:00,WSW,1,1642791600,12.96416,30.94663906666667,247.5,4.319689898685966,-4.961169246530199,-11.977322080201525
2022-01-22 15:00:00+00:00,WSW,1,1642856400,13.85824,30.002577783333336,247.5,4.319689898685966,-5.303318849739178,-12.803344292629216
2022-01-22 18:00:00+00:00,WSW,1,1642867200,12.07008,28.90008885555556,247.5,4.319689898685966,-4.61901964332122,-11.151299867773833
2022-01-22 21:00:00+00:00,SW,1,1642878000,12.96416,25.681244454545457,225.0,3.9269908169872414,-9.167045448387395,-9.167045448387391
2022-01-23 15:00:00+00:00,SW,1,1642942800,12.07008,29.17987082941176,225.0,3.9269908169872414,-8.534835417464127,-8.534835417464123
2022-01-23 18:00:00+00:00,SW,1,1642953600,12.96416,28.255072444444448,225.0,3.9269908169872414,-9.167045448387395,-9.167045448387391
2022-01-23 21:00:00+00:00,SW,1,1642964400,13.85824,29.12096031638418,225.0,3.9269908169872414,-9.799255479310663,-9.79925547931066
2022-01-24 15:00:00+00:00,W,1,1643029200,7.15264,3.9272222277777775,270.0,4.71238898038469,-1.3139186522179985e-15,-7.15264
2022-01-24 18:00:00+00:00,W,1,1643040000,4.02336,3.8871444722222224,270.0,4.71238898038469,-7.390792418726243e-16,-4.02336
2022-01-24 21:00:00+00:00,SW,1,1643050800,4.02336,2.777172222222222,225.0,3.9269908169872414,-2.8449451391547087,-2.844945139154708
2022-01-25 15:00:00+00:00,W,1,1643115600,12.96416,30.891283022222222,270.0,4.71238898038469,-2.3814775571451225e-15,-12.96416
2022-01-25 18:00:00+00:00,WSW,1,1643126400,12.96416,30.274489172222225,247.5,4.319689898685966,-4.961169246530199,-11.977322080201525
2022-01-25 21:00:00+00:00,WSW,1,1643137200,12.96416,32.66807187222222,247.5,4.319689898685966,-4.961169246530199,-11.977322080201525
2022-01-26 15:00:00+00:00,SW,1,1643202000,16.09344,31.98838905,225.0,3.9269908169872414,-11.379780556618835,-11.379780556618831
2022-01-26 18:00:00+00:00,WSW,1,1643212800,16.09344,28.720600622222225,247.5,4.319689898685966,-6.1586928577616264,-14.868399823698445
2022-01-26 21:00:00+00:00,WSW,1,1643223600,21.01088,9.685466038888888,247.5,4.319689898685966,-8.040515675411012,-19.411521992050748
2022-01-27 15:00:00+00:00,NNW,1,1643288400,12.07008,18.88536125,337.5,5.8904862254808625,11.151299867773833,-4.61901964332122
2022-01-27 18:00:00+00:00,WNW,1,1643299200,9.83488,4.148327738888889,292.5,5.105088062083414,3.7636456352987766,-9.086244336704603
2022-01-27 21:00:00+00:00,W,1,1643310000,4.91744,5.285205544444445,270.0,4.71238898038469,-9.03319073399874e-16,-4.91744
2022-01-28 15:00:00+00:00,SW,1,1643374800,16.98752,28.42276687222222,225.0,3.9269908169872414,-12.011990587542103,-12.0119905875421
2022-01-28 18:00:00+00:00,WSW,1,1643385600,17.8816,28.58633928333333,247.5,4.319689898685966,-6.842992064179584,-16.520444248553826
2022-01-28 21:00:00+00:00,WSW,1,1643396400,16.98752,29.940944333333334,247.5,4.319689898685966,-6.500842460970605,-15.694422036126136
2022-01-29 15:00:00+00:00,NW,1,1643461200,24.14016,15.854805961111111,315.0,5.497787143782138,17.069670834928242,-17.069670834928253
2022-01-29 18:00:00+00:00,NW,1,1643472000,21.01088,28.82479982222222,315.0,5.497787143782138,14.856935726696804,-14.856935726696811
2022-01-29 21:00:00+00:00,NNW,1,1643482800,16.98752,30.560527983333333,337.5,5.8904862254808625,15.694422036126136,-6.500842460970606
2022-01-30 15:00:00+00:00,SSE,1,1643547600,8.04672,26.942255550000002,157.5,2.748893571891069,-7.4341999118492215,3.0793464288808163
2022-01-30 18:00:00+00:00,SE,1,1643558400,12.07008,19.79544438888889,135.0,2.356194490192345,-8.534835417464123,8.534835417464125
2022-01-30 21:00:00+00:00,NW,1,1643569200,4.02336,25.016388499999998,315.0,5.497787143782138,2.8449451391547074,-2.8449451391547087
2022-01-31 15:00:00+00:00,WNW,1,1643634000,8.9408,22.92893338888889,292.5,5.105088062083414,3.4214960320897965,-8.260222124276911
2022-01-31 18:00:00+00:00,W,1,1643644800,11.176,19.706522577777775,270.0,4.71238898038469,-2.052997894090623e-15,-11.176
2022-01-31 21:00:00+00:00,SW,1,1643655600,12.07008,29.745944616666666,225.0,3.9269908169872414,-8.534835417464127,-8.534835417464123
2022-02-01 15:00:00+00:00,NW,1,1643720400,21.01088,26.096300394444444,315.0,5.497787143782138,14.856935726696804,-14.856935726696811
2022-02-01 18:00:00+00:00,NW,1,1643731200,17.8816,31.585982988888887,315.0,5.497787143782138,12.644200618465364,-12.644200618465371
2022-02-01 21:00:00+00:00,NW,1,1643742000,12.07008,24.830550100000004,315.0,5.497787143782138,8.534835417464121,-8.534835417464127
2022-02-02 15:00:00+00:00,WSW,1,1643806800,7.15264,16.20911127777778,247.5,4.319689898685966,-2.7371968256718335,-6.608177699421531
2022-02-02 18:00:00+00:00,WSW,1,1643817600,5.81152,13.242027716666666,247.5,4.319689898685966,-2.223972420858365,-5.369144380779994
2022-02-02 21:00:00+00:00,W,1,1643828400,4.91744,12.0922946,270.0,4.71238898038469,-9.03319073399874e-16,-4.91744
2022-02-03 15:00:00+00:00,SSW,1,1643893200,16.98752,34.23677191666667,202.5,3.5342917352885173,-15.694422036126136,-6.500842460970608
2022-02-03 18:00:00+00:00,WSW,1,1643904000,16.98752,33.64423308333333,247.5,4.319689898685966,-6.500842460970605,-15.694422036126136
2022-02-03 21:00:00+00:00,W,1,1643914800,13.85824,33.24697227222222,270.0,4.71238898038469,-2.5457173886723723e-15,-13.85824
2022-02-04 15:00:00+00:00,W,1,1643979600,13.85824,33.42708937222222,270.0,4.71238898038469,-2.5457173886723723e-15,-13.85824
2022-02-04 18:00:00+00:00,WNW,1,1643990400,11.176,30.01636063888889,292.5,5.105088062083414,4.276870040112246,-10.32527765534614
2022-02-04 21:00:00+00:00,WNW,1,1644001200,8.9408,32.282894266666666,292.5,5.105088062083414,3.4214960320897965,-8.260222124276911
2022-02-05 15:00:00+00:00,W,1,1644066000,16.09344,33.03808319444445,270.0,4.71238898038469,-2.956316967490497e-15,-16.09344
2022-02-05 18:00:00+00:00,W,1,1644076800,19.22272,34.13408305555556,270.0,4.71238898038469,-3.531156377835871e-15,-19.22272
2022-02-05 21:00:00+00:00,W,1,1644087600,13.85824,34.69921717647059,270.0,4.71238898038469,-2.5457173886723723e-15,-13.85824
2022-02-06 15:00:00+00:00,NW,1,1644152400,12.07008,34.71184381666667,315.0,5.497787143782138,8.534835417464121,-8.534835417464127
2022-02-06 18:00:00+00:00,NNW,1,1644163200,12.07008,31.98357166666667,337.5,5.8904862254808625,11.151299867773833,-4.61901964332122
2022-02-06 21:00:00+00:00,NW,1,1644174000,12.96416,33.395027133333336,315.0,5.497787143782138,9.16704544838739,-9.167045448387395
2022-02-07 15:00:00+00:00,SSW,1,1644238800,12.96416,32.67556041111111,202.5,3.5342917352885173,-11.977322080201525,-4.961169246530201
2022-02-07 18:00:00+00:00,W,1,1644249600,12.96416,34.23201629213483,270.0,4.71238898038469,-2.3814775571451225e-15,-12.96416
2022-02-07 21:00:00+00:00,W,1,1644260400,19.22272,34.62200551666667,270.0,4.71238898038469,-3.531156377835871e-15,-19.22272
2022-02-08 15:00:00+00:00,WSW,1,1644325200,13.85824,33.15656062777778,247.5,4.319689898685966,-5.303318849739178,-12.803344292629216
2022-02-08 18:00:00+00:00,WSW,1,1644336000,16.98752,33.409394294444446,247.5,4.319689898685966,-6.500842460970605,-15.694422036126136
2022-02-08 21:00:00+00:00,W,1,1644346800,17.8816,34.54219952222223,270.0,4.71238898038469,-3.2847966305449963e-15,-17.8816
2022-02-09 15:00:00+00:00,W,1,1644411600,19.22272,32.27465751666667,270.0,4.71238898038469,-3.531156377835871e-15,-19.22272
2022-02-09 18:00:00+00:00,WSW,1,1644422400,16.98752,30.7818054,247.5,4.319689898685966,-6.500842460970605,-15.694422036126136
2022-02-09 21:00:00+00:00,WSW,1,1644433200,15.19936,33.38481594444445,247.5,4.319689898685966,-5.816543254552647,-14.042377611270753
2022-02-10 15:00:00+00:00,N,1,1644498000,15.19936,26.48918656111111,0.0,0.0,15.19936,0.0
2022-02-10 18:00:00+00:00,N,1,1644508800,11.176,19.648294611111112,0.0,0.0,11.176,0.0
2022-02-10 21:00:00+00:00,NNW,1,1644519600,11.176,15.503627744444445,337.5,5.8904862254808625,10.325277655346142,-4.276870040112241
2022-02-11 15:00:00+00:00,SW,1,1644584400,7.15264,26.800794466666666,225.0,3.9269908169872414,-5.057680247386148,-5.057680247386147
2022-02-11 18:00:00+00:00,S,1,1644595200,8.9408,29.574583144444446,180.0,3.141592653589793,-8.9408,1.0949322101816654e-15
2022-02-11 21:00:00+00:00,S,1,1644606000,11.176,33.62094889385475,180.0,3.141592653589793,-11.176,1.368665262727082e-15
2022-02-12 15:00:00+00:00,SSW,1,1644670800,9.83488,26.999983266666668,202.5,3.5342917352885173,-9.086244336704604,-3.763645635298773
2022-02-12 18:00:00+00:00,SW,1,1644681600,11.176,25.80199976666667,225.0,3.9269908169872414,-7.902625386540857,-7.902625386540855
2022-02-12 21:00:00+00:00,SW,1,1644692400,13.85824,28.315194638888887,225.0,3.9269908169872414,-9.799255479310663,-9.79925547931066
2022-02-13 15:00:00+00:00,SW,1,1644757200,4.91744,2.5356444444444444,225.0,3.9269908169872414,-3.4771551700779773,-3.477155170077976
2022-02-13 18:00:00+00:00,NE,1,1644768000,1.78816,3.649077788888889,45.0,0.7853981633974483,1.2644200618465369,1.2644200618465367
2022-02-13 21:00:00+00:00,NE,1,1644778800,4.91744,5.301161122222222,45.0,0.7853981633974483,3.4771551700779764,3.477155170077976
2022-02-14 15:00:00+00:00,NNE,1,1644843600,12.07008,23.510078505555555,22.5,0.39269908169872414,11.151299867773833,4.619019643321224
2022-02-14 18:00:00+00:00,NNE,1,1644854400,8.04672,22.683001,22.5,0.39269908169872414,7.4341999118492215,3.0793464288808154
2022-02-14 21:00:00+00:00,N,1,1644865200,5.81152,22.683001,0.0,0.0,5.81152,0.0
2022-02-15 15:00:00+00:00,W,1,1644930000,13.85824,32.29580458888889,270.0,4.71238898038469,-2.5457173886723723e-15,-13.85824
2022-02-15 18:00:00+00:00,W,1,1644940800,16.09344,31.759344,270.0,4.71238898038469,-2.956316967490497e-15,-16.09344
2022-02-15 21:00:00+00:00,W,1,1644951600,12.07008,20.62313343888889,270.0,4.71238898038469,-2.2172377256178727e-15,-12.07008
2022-02-16 15:00:00+00:00,SSE,1,1645016400,3.12928,3.1884777833333335,157.5,2.748893571891069,-2.8910777434969193,1.1975236112314285
2022-02-16 18:00:00+00:00,NNE,1,1645027200,4.91744,2.923799988888889,22.5,0.39269908169872414,4.543122168352302,1.8818228176493872
2022-02-16 21:00:00+00:00,NW,1,1645038000,9.83488,14.351399977777778,315.0,5.497787143782138,6.954310340155951,-6.9543103401559545
2022-02-17 15:00:00+00:00,WSW,1,1645102800,9.83488,33.32015981111111,247.5,4.319689898685966,-3.7636456352987713,-9.086244336704604
2022-02-17 18:00:00+00:00,W,1,1645113600,12.07008,32.412260938888885,270.0,4.71238898038469,-2.2172377256178727e-15,-12.07008
2022-02-17 21:00:00+00:00,W,1,1645124400,12.96416,30.700999605555555,270.0,4.71238898038469,-2.3814775571451225e-15,-12.96416
2022-02-18 15:00:00+00:00,ENE,1,1645189200,4.02336,3.8680055833333333,67.5,1.1780972450961724,1.539673214440408,3.7170999559246107
2022-02-18 18:00:00+00:00,NW,1,1645200000,5.81152,14.278439044444445,315.0,5.497787143782138,4.109365201001244,-4.109365201001245
2022-02-18 21:00:00+00:00,WNW,1,1645210800,4.91744,13.001544566666666,292.5,5.105088062083414,1.8818228176493883,-4.543122168352301
2022-02-19 15:00:00+00:00,NW,1,1645275600,4.02336,6.169844438888889,315.0,5.497787143782138,2.8449451391547074,-2.8449451391547087
2022-02-19 18:00:00+00:00,SSW,1,1645286400,3.12928,16.991633438888886,202.5,3.5342917352885173,-2.8910777434969197,-1.1975236112314278
2022-02-19 21:00:00+00:00,S,1,1645297200,7.15264,33.13834915,180.0,3.141592653589793,-7.15264,8.759457681453324e-16
2022-02-20 15:00:00+00:00,W,1,1645362000,13.85824,35.49262155,270.0,4.71238898038469,-2.5457173886723723e-15,-13.85824
2022-02-20 18:00:00+00:00,W,1,1645372800,13.85824,33.39264406666667,270.0,4.71238898038469,-2.5457173886723723e-15,-13.85824
2022-02-20 21:00:00+00:00,WSW,1,1645383600,12.96416,25.713655583333335,247.5,4.319689898685966,-4.961169246530199,-11.977322080201525
2022-02-21 15:00:00+00:00,N,1,1645448400,12.07008,16.378538938888887,0.0,0.0,12.07008,0.0
2022-02-21 18:00:00+00:00,N,1,1645459200,5.81152,3.718133322222222,0.0,0.0,5.81152,0.0
2022-02-21 21:00:00+00:00,SSE,1,1645470000,1.78816,13.275077794444446,157.5,2.748893571891069,-1.6520444248553825,0.6842992064179592
2022-02-22 21:00:00+00:00,WSW,1,1645556400,15.19936,33.61271093888889,247.5,4.319689898685966,-5.816543254552647,-14.042377611270753
2022-02-23 15:00:00+00:00,WSW,1,1645621200,16.09344,26.678461427777776,247.5,4.319689898685966,-6.1586928577616264,-14.868399823698445
2022-02-23 18:00:00+00:00,WSW,1,1645632000,16.09344,28.13503857222222,247.5,4.319689898685966,-6.1586928577616264,-14.868399823698445
2022-02-23 21:00:00+00:00,SW,1,1645642800,17.8816,30.348544944444445,225.0,3.9269908169872414,-12.644200618465371,-12.644200618465366
2022-02-24 15:00:00+00:00,WSW,1,1645707600,12.96416,28.034222494444446,247.5,4.319689898685966,-4.961169246530199,-11.977322080201525
2022-02-24 18:00:00+00:00,W,1,1645718400,13.85824,18.32216692777778,270.0,4.71238898038469,-2.5457173886723723e-15,-13.85824
2022-02-24 21:00:00+00:00,NNW,1,1645729200,8.04672,22.747211311111112,337.5,5.8904862254808625,7.434199911849222,-3.0793464288808137
2022-02-25 15:00:00+00:00,S,1,1645794000,5.81152,22.104472355555558,180.0,3.141592653589793,-5.81152,7.117059366180826e-16
2022-02-25 18:00:00+00:00,S,1,1645804800,9.83488,29.710033388888892,180.0,3.141592653589793,-9.83488,1.2044254311998322e-15
2022-02-25 21:00:00+00:00,S,1,1645815600,12.96416,30.529005894444445,180.0,3.141592653589793,-12.96416,1.587651704763415e-15
2022-02-26 15:00:00+00:00,S,1,1645880400,13.85824,25.93453923888889,180.0,3.141592653589793,-13.85824,1.6971449257815816e-15
2022-02-26 18:00:00+00:00,S,1,1645891200,12.07008,25.935966705555554,180.0,3.141592653589793,-12.07008,1.4781584837452485e-15
2022-02-26 21:00:00+00:00,S,1,1645902000,11.176,28.067503011299433,180.0,3.141592653589793,-11.176,1.368665262727082e-15
2022-02-27 15:00:00+00:00,SSE,1,1645966800,12.07008,29.225489216666666,157.5,2.748893571891069,-11.151299867773833,4.6190196433212245
2022-02-27 18:00:00+00:00,SSE,1,1645977600,13.85824,29.044661433333335,157.5,2.748893571891069,-12.803344292629214,5.303318849739184
2022-02-27 21:00:00+00:00,SSE,1,1645988400,15.19936,29.00935602824859,157.5,2.748893571891069,-14.042377611270751,5.816543254552653
2022-02-28 15:00:00+00:00,SW,1,1646053200,11.176,24.849272627777776,225.0,3.9269908169872414,-7.902625386540857,-7.902625386540855
2022-02-28 18:00:00+00:00,WSW,1,1646064000,11.176,28.02785582777778,247.5,4.319689898685966,-4.27687004011224,-10.325277655346142
2022-02-28 21:00:00+00:00,WSW,1,1646074800,13.85824,30.409411227777777,247.5,4.319689898685966,-5.303318849739178,-12.803344292629216
2022-03-01 15:00:00+00:00,W,1,1646139600,12.96416,22.641142261111113,270.0,4.71238898038469,-2.3814775571451225e-15,-12.96416
2022-03-01 18:00:00+00:00,WSW,1,1646150400,9.83488,17.30959468888889,247.5,4.319689898685966,-3.7636456352987713,-9.086244336704604
2022-03-01 21:00:00+00:00,SW,1,1646161200,7.15264,10.800936746031747,225.0,3.9269908169872414,-5.057680247386148,-5.057680247386147
2022-03-02 15:00:00+00:00,SSE,1,1646226000,12.07008,31.022372733333334,157.5,2.748893571891069,-11.151299867773833,4.6190196433212245
2022-03-02 18:00:00+00:00,SE,1,1646236800,15.19936,30.60405072222222,135.0,2.356194490192345,-10.747570525695563,10.747570525695563
2022-03-02 21:00:00+00:00,SE,1,1646247600,13.85824,31.605206111111112,135.0,2.356194490192345,-9.79925547931066,9.799255479310661
2022-03-03 15:00:00+00:00,SSE,1,1646312400,13.85824,29.808161527777777,157.5,2.748893571891069,-12.803344292629214,5.303318849739184
2022-03-03 18:00:00+00:00,S,1,1646323200,9.83488,15.236122405555557,180.0,3.141592653589793,-9.83488,1.2044254311998322e-15
2022-03-03 21:00:00+00:00,W,1,1646334000,8.04672,5.006288894444444,270.0,4.71238898038469,-1.4781584837452485e-15,-8.04672
2022-03-04 15:00:00+00:00,NW,1,1646398800,8.04672,10.206544433333335,315.0,5.497787143782138,5.689890278309415,-5.689890278309417
2022-03-04 18:00:00+00:00,NW,1,1646409600,8.04672,8.9213,315.0,5.497787143782138,5.689890278309415,-5.689890278309417
2022-03-04 21:00:00+00:00,NW,1,1646420400,8.04672,10.414766755555556,315.0,5.497787143782138,5.689890278309415,-5.689890278309417
2022-03-05 15:00:00+00:00,NW,1,1646485200,4.02336,7.155544377777778,315.0,5.497787143782138,2.8449451391547074,-2.8449451391547087
2022-03-05 18:00:00+00:00,NW,1,1646496000,4.02336,4.576205533333333,315.0,5.497787143782138,2.8449451391547074,-2.8449451391547087
2022-03-05 21:00:00+00:00,WNW,1,1646506800,3.12928,2.5638055555555557,292.5,5.105088062083414,1.197523611231429,-2.8910777434969193
2022-03-06 15:00:00+00:00,SSW,1,1646571600,5.81152,8.298533322222223,202.5,3.5342917352885173,-5.369144380779994,-2.2239724208583658
2022-03-06 18:00:00+00:00,SSW,1,1646582400,4.02336,6.095616611111112,202.5,3.5342917352885173,-3.717099955924611,-1.5396732144404073
2022-03-06 21:00:00+00:00,SW,1,1646593200,7.15264,4.339655555555556,225.0,3.9269908169872414,-5.057680247386148,-5.057680247386147
2022-03-07 15:00:00+00:00,SE,1,1646658000,5.81152,5.128161088888889,135.0,2.356194490192345,-4.1093652010012445,4.1093652010012445
2022-03-07 18:00:00+00:00,SE,1,1646668800,8.04672,17.077044561111112,135.0,2.356194490192345,-5.689890278309416,5.6898902783094165
2022-03-07 21:00:00+00:00,SSE,1,1646679600,9.83488,32.456127966666664,157.5,2.748893571891069,-9.086244336704604,3.7636456352987753
2022-03-08 15:00:00+00:00,SSE,1,1646744400,17.8816,27.095772550000003,157.5,2.748893571891069,-16.520444248553822,6.842992064179591
2022-03-08 18:00:00+00:00,SSE,1,1646755200,16.09344,27.34969869273743,157.5,2.748893571891069,-14.868399823698443,6.158692857761633
2022-03-08 21:00:00+00:00,SSE,1,1646766000,17.8816,29.181983405555556,157.5,2.748893571891069,-16.520444248553822,6.842992064179591
2022-03-09 15:00:00+00:00,SW,1,1646830800,12.07008,11.503505544444446,225.0,3.9269908169872414,-8.534835417464127,-8.534835417464123
2022-03-09 18:00:00+00:00,SSW,1,1646841600,8.04672,8.495927777777778,202.5,3.5342917352885173,-7.434199911849222,-3.0793464288808146
2022-03-09 21:00:00+00:00,SSW,1,1646852400,5.81152,5.7895054777777775,202.5,3.5342917352885173,-5.369144380779994,-2.2239724208583658
2022-03-10 15:00:00+00:00,SSE,1,1646917200,12.07008,30.577622694444447,157.5,2.748893571891069,-11.151299867773833,4.6190196433212245
2022-03-10 18:00:00+00:00,SSE,1,1646928000,12.07008,29.90033917222222,157.5,2.748893571891069,-11.151299867773833,4.6190196433212245
2022-03-10 21:00:00+00:00,S,1,1646938800,9.83488,30.011594572222222,180.0,3.141592653589793,-9.83488,1.2044254311998322e-15
